title	rating
Star Wars (1977)	4.3584905660377355
Contact (1997)	3.8035363457760316
Fargo (1996)	4.155511811023622
Return of the Jedi (1983)	4.007889546351085
Liar Liar (1997)	3.156701030927835
English Patient, The (1996)	3.656964656964657
Scream (1996)	3.4414225941422596
Toy Story (1995)	3.8783185840707963
Air Force One (1997)	3.6310904872389793
Independence Day (ID4) (1996)	3.438228438228438
Raiders of the Lost Ark (1981)	4.252380952380952
Godfather, The (1972)	4.283292978208232
Pulp Fiction (1994)	4.060913705583756
Twelve Monkeys (1995)	3.798469387755102
Silence of the Lambs, The (1991)	4.28974358974359
Jerry Maguire (1996)	3.7109375
Chasing Amy (1997)	3.8390501319261214
Rock, The (1996)	3.693121693121693
Empire Strikes Back, The (1980)	4.204359673024523
Star Trek: First Contact (1996)	3.66027397260274
Titanic (1997)	4.2457142857142856
Back to the Future (1985)	3.834285714285714
Mission: Impossible (1996)	3.313953488372093
Fugitive, The (1993)	4.044642857142857
Indiana Jones and the Last Crusade (1989)	3.930513595166163
Willy Wonka and the Chocolate Factory (1971)	3.6319018404907975
Princess Bride, The (1987)	4.172839506172839
Forrest Gump (1994)	3.853582554517134
Saint, The (1997)	3.1234177215189876
Monty Python and the Holy Grail (1974)	4.0664556962025316
Full Monty, The (1997)	3.926984126984127
Men in Black (1997)	3.745874587458746
Terminator, The (1984)	3.9335548172757475
E.T. the Extra-Terrestrial (1982)	3.8333333333333335
Dead Man Walking (1995)	3.8963210702341136
Leaving Las Vegas (1995)	3.697986577181208
Schindler's List (1993)	4.466442953020135
Braveheart (1995)	4.151515151515151
L.A. Confidential (1997)	4.161616161616162
Conspiracy Theory (1997)	3.4237288135593222
Terminator 2: Judgment Day (1991)	4.0067796610169495
Birdcage, The (1996)	3.4436860068259385
Twister (1996)	3.2150170648464163
Mr. Holland's Opus (1995)	3.7781569965870307
Alien (1979)	4.034364261168385
When Harry Met Sally... (1989)	3.910344827586207
Aliens (1986)	3.9471830985915495
Shawshank Redemption, The (1994)	4.445229681978798
Jaws (1975)	3.775
Groundhog Day (1993)	3.7642857142857142
Apollo 13 (1995)	3.931159420289855
Amadeus (1984)	4.163043478260869
Blade Runner (1982)	4.138181818181818
Truth About Cats & Dogs, The (1996)	3.485294117647059
Sense and Sensibility (1995)	4.0111940298507465
Ransom (1996)	3.644194756554307
Usual Suspects, The (1995)	4.385767790262173
One Flew Over the Cuckoo's Nest (1975)	4.291666666666667
Jurassic Park (1993)	3.7203065134099615
Evita (1996)	2.9806949806949805
2001: A Space Odyssey (1968)	3.969111969111969
Raising Arizona (1987)	3.875
Dances with Wolves (1990)	3.79296875
Broken Arrow (1996)	3.031496062992126
Dead Poets Society (1989)	3.9163346613545817
Blues Brothers, The (1980)	3.8366533864541834
Four Weddings and a Funeral (1994)	3.6613545816733066
Game, The (1997)	3.593625498007968
Trainspotting (1996)	3.884
Fish Called Wanda, A (1988)	3.785425101214575
Wizard of Oz, The (1939)	4.0772357723577235
Star Trek: The Wrath of Khan (1982)	3.8155737704918034
Phenomenon (1996)	3.557377049180328
Casablanca (1942)	4.45679012345679
Die Hard (1988)	3.8724279835390947
Sting, The (1973)	4.058091286307054
Devil's Own, The (1997)	3.1083333333333334
Dante's Peak (1997)	2.933333333333333
Graduate, The (1967)	4.104602510460251
Psycho (1960)	4.100418410041841
Seven (Se7en) (1995)	3.847457627118644
Time to Kill, A (1996)	3.685344827586207
It's a Wonderful Life (1946)	4.121212121212121
In & Out (1997)	3.3043478260869565
Speed (1994)	3.6478260869565218
Hunt for Red October, The (1990)	3.8634361233480177
Stand by Me (1986)	3.881057268722467
GoodFellas (1990)	3.9513274336283186
Heat (1995)	3.569506726457399
Sound of Music, The (1965)	3.765765765765766
Clockwork Orange, A (1971)	3.909502262443439
Courage Under Fire (1996)	3.6108597285067874
Apocalypse Now (1979)	4.04524886877828
Top Gun (1986)	3.481818181818182
Lion King, The (1994)	3.7818181818181817
Aladdin (1992)	3.8127853881278537
Babe (1995)	3.9954337899543377
Volcano (1997)	2.808219178082192
To Kill a Mockingbird (1962)	4.292237442922374
Murder at 1600 (1997)	3.0871559633027523
Mars Attacks! (1996)	2.847926267281106
Butch Cassidy and the Sundance Kid (1969)	3.949074074074074
People vs. Larry Flynt, The (1996)	3.5953488372093023
Sleepless in Seattle (1993)	3.539906103286385
Field of Dreams (1989)	3.69811320754717
Starship Troopers (1997)	3.2322274881516586
Get Shorty (1995)	3.550239234449761
Godfather: Part II, The (1974)	4.186602870813397
Rear Window (1954)	4.3875598086124405
True Lies (1994)	3.5625
Brazil (1985)	3.8173076923076925
M*A*S*H (1970)	3.912621359223301
Eraser (1996)	3.150485436893204
Shining, The (1980)	3.825242718446602
Beauty and the Beast (1991)	3.792079207920792
Boot, Das (1981)	4.203980099502488
Batman (1989)	3.427860696517413
Young Frankenstein (1974)	3.945
Star Trek IV: The Voyage Home (1986)	3.4472361809045227
Good Will Hunting (1997)	4.262626262626263
Citizen Kane (1941)	4.292929292929293
Fifth Element, The (1997)	3.4771573604060912
Gandhi (1982)	4.02051282051282
Dr. Strangelove or: How I Learned to Stop Worrying and Love the Bomb (1963)	4.252577319587629
Face/Off (1997)	3.768041237113402
Tin Cup (1996)	3.160621761658031
Mrs. Doubtfire (1993)	3.4114583333333335
This Is Spinal Tap (1984)	3.905759162303665
Sabrina (1995)	3.5
Boogie Nights (1997)	3.5873015873015874
Devil's Advocate, The (1997)	3.515957446808511
Lone Star (1996)	4.053475935828877
Long Kiss Goodnight, The (1996)	3.4702702702702704
Ulee's Gold (1997)	3.760869565217391
Mighty Aphrodite (1995)	3.4184782608695654
Postino, Il (1994)	3.9672131147540983
Unforgiven (1992)	3.868131868131868
Taxi Driver (1976)	4.1208791208791204
Dave (1993)	3.65
Fly Away Home (1996)	3.6
Tomorrow Never Dies (1997)	3.4277777777777776
Annie Hall (1977)	3.911111111111111
North by Northwest (1959)	4.284916201117318
Vertigo (1958)	4.251396648044692
Clear and Present Danger (1994)	3.569832402234637
Primal Fear (1996)	3.601123595505618
Mary Poppins (1964)	3.7247191011235956
Emma (1996)	3.7175141242937855
That Thing You Do! (1996)	3.465909090909091
Much Ado About Nothing (1993)	4.0625
Cop Land (1997)	3.3771428571428572
Quiz Show (1994)	3.645714285714286
G.I. Jane (1997)	3.36
Fantasia (1940)	3.7701149425287355
Rumble in the Bronx (1995)	3.4482758620689653
Monty Python's Life of Brian (1979)	3.7471264367816093
Lawrence of Arabia (1962)	4.23121387283237
My Best Friend's Wedding (1997)	3.36046511627907
Snow White and the Seven Dwarfs (1937)	3.7093023255813953
Glory (1989)	4.076023391812866
Gone with the Wind (1939)	3.871345029239766
Cape Fear (1991)	3.456140350877193
Heathers (1989)	3.690058479532164
Star Trek III: The Search for Spock (1984)	3.111111111111111
Big Night (1996)	3.9005847953216373
Ghost (1990)	3.4647058823529413
Full Metal Jacket (1987)	3.6823529411764704
Grease (1978)	3.347058823529412
Clueless (1995)	3.458823529411765
Mother (1996)	3.1301775147928996
In the Line of Fire (1993)	3.7928994082840237
Sleepers (1996)	3.514792899408284
Everyone Says I Love You (1996)	3.2738095238095237
Piano, The (1993)	3.6011904761904763
Die Hard 2 (1990)	3.355421686746988
Bridge on the River Kwai, The (1957)	4.175757575757576
Cool Hand Luke (1967)	3.9939024390243905
American President, The (1995)	3.6280487804878048
Pretty Woman (1990)	3.323170731707317
Nutty Professor, The (1996)	2.914110429447853
Birds, The (1963)	3.808641975308642
Secrets & Lies (1996)	4.265432098765432
Kingpin (1996)	3.1296296296296298
While You Were Sleeping (1995)	3.549382716049383
George of the Jungle (1997)	2.685185185185185
Star Trek VI: The Undiscovered Country (1991)	3.279503105590062
First Wives Club, The (1996)	3.01875
Apt Pupil (1998)	4.1
Grosse Pointe Blank (1997)	3.675
Lost World: Jurassic Park, The (1997)	2.9430379746835444
Dragonheart (1996)	3.0822784810126582
Right Stuff, The (1983)	3.917197452229299
Swingers (1996)	3.828025477707006
Executive Decision (1996)	3.356687898089172
Beavis and Butt-head Do America (1996)	2.7884615384615383
Seven Years in Tibet (1997)	3.458064516129032
Crimson Tide (1995)	3.6298701298701297
Highlander (1986)	3.5359477124183005
Fried Green Tomatoes (1991)	3.764705882352941
African Queen, The (1951)	4.184210526315789
Abyss, The (1989)	3.589403973509934
Die Hard: With a Vengeance (1995)	3.2847682119205297
Firm, The (1993)	3.2781456953642385
Remains of the Day, The (1993)	3.94
Sneakers (1992)	3.513333333333333
Professional, The (1994)	3.704697986577181
Happy Gilmore (1996)	3.389261744966443
Grumpier Old Men (1995)	3.0405405405405403
Clerks (1994)	3.804054054054054
Like Water For Chocolate (Como agua para chocolate) (1992)	3.804054054054054
Reservoir Dogs (1992)	3.9864864864864864
Donnie Brasco (1997)	3.802721088435374
Chinatown (1974)	4.136054421768708
River Wild, The (1994)	3.143835616438356
Rainmaker, The (1997)	3.6
Jackie Chan's First Strike (1996)	3.2551724137931033
Nightmare Before Christmas, The (1993)	3.5874125874125875
Spawn (1997)	2.6153846153846154
Kiss the Girls (1997)	3.4615384615384617
Batman Returns (1992)	2.683098591549296
Maltese Falcon, The (1941)	4.2101449275362315
Searching for Bobby Fischer (1993)	3.9057971014492754
Con Air (1997)	3.45985401459854
Singin' in the Rain (1952)	3.9927007299270074
Wag the Dog (1997)	3.510948905109489
Philadelphia (1993)	3.854014598540146
Good, The Bad and The Ugly, The (1966)	3.8613138686131387
Interview with the Vampire (1994)	3.1824817518248176
Home Alone (1990)	3.0875912408759123
Gattaca (1997)	3.5955882352941178
Sling Blade (1996)	4.198529411764706
Patton (1970)	3.9926470588235294
Peacemaker, The (1997)	3.2720588235294117
Crow, The (1994)	3.417910447761194
Room with a View, A (1986)	3.985074626865672
Multiplicity (1996)	2.8358208955223883
Ed Wood (1994)	3.601503759398496
Jungle2Jungle (1997)	2.4393939393939394
Manchurian Candidate, The (1962)	4.259541984732825
GoldenEye (1995)	3.2061068702290076
Mystery Science Theater 3000: The Movie (1996)	3.4307692307692306
Austin Powers: International Man of Mystery (1997)	3.246153846153846
Cinderella (1950)	3.5813953488372094
Mask, The (1994)	3.193798449612403
Bound (1996)	3.8217054263565893
Shine (1996)	3.9224806201550386
Ghost and the Darkness, The (1996)	3.203125
Father of the Bride Part II (1995)	2.8984375
Crash (1996)	2.546875
Last of the Mohicans, The (1992)	3.546875
Some Like It Hot (1959)	3.984375
Natural Born Killers (1994)	2.953125
Maverick (1994)	3.46875
Stargate (1994)	3.141732283464567
Absolute Power (1997)	3.37007874015748
Nikita (La Femme Nikita) (1990)	4.0078740157480315
Hunchback of Notre Dame, The (1996)	3.377952755905512
Event Horizon (1997)	2.574803149606299
Platoon (1986)	3.6929133858267718
James and the Giant Peach (1996)	3.126984126984127
Jackie Brown (1997)	3.642857142857143
Cold Comfort Farm (1995)	3.824
12 Angry Men (1957)	4.344
Lost Highway (1997)	3.136
My Fair Lady (1964)	3.816
Amistad (1997)	3.8548387096774195
Alien: Resurrection (1997)	3.096774193548387
Henry V (1989)	4.137096774193548
Ben-Hur (1959)	3.8306451612903225
Great Escape, The (1963)	4.104838709677419
Under Siege (1992)	3.2903225806451615
Dumbo (1941)	3.4959349593495936
Bonnie and Clyde (1967)	3.819672131147541
Cinema Paradiso (1988)	4.1735537190082646
Killing Fields, The (1984)	4.132231404958677
Harold and Maude (1971)	3.8181818181818183
Carrie (1976)	3.5041322314049586
Magnificent Seven, The (1954)	3.9421487603305785
My Left Foot (1989)	3.8512396694214877
Bram Stoker's Dracula (1992)	3.158333333333333
Net, The (1995)	3.0083333333333333
Deer Hunter, The (1978)	3.8333333333333335
Michael (1996)	3.319327731092437
Real Genius (1985)	3.6638655462184873
Crying Game, The (1992)	3.6218487394957983
Wrong Trousers, The (1993)	4.466101694915254
Kolya (1996)	3.9914529914529915
Star Trek: The Motion Picture (1979)	3.034188034188034
Hoop Dreams (1994)	4.094017094017094
Raging Bull (1980)	4.120689655172414
Star Trek: Generations (1994)	3.336206896551724
Being There (1979)	3.9051724137931036
Army of Darkness (1993)	3.4310344827586206
Beautiful Girls (1996)	3.391304347826087
Arsenic and Old Lace (1944)	4.078260869565217
Frighteners, The (1996)	3.234782608695652
What's Eating Gilbert Grape (1993)	3.5391304347826087
Pink Floyd - The Wall (1982)	3.3508771929824563
Batman Forever (1995)	2.6666666666666665
Rosewood (1997)	3.6666666666666665
Edge, The (1997)	3.5398230088495577
Welcome to the Dollhouse (1995)	3.7232142857142856
As Good As It Gets (1997)	4.196428571428571
One Fine Day (1996)	3.232142857142857
Close Shave, A (1995)	4.491071428571429
Nightmare on Elm Street, A (1984)	3.171171171171171
Adventures of Priscilla, Queen of the Desert, The (1994)	3.5945945945945947
Hudsucker Proxy, The (1994)	3.5545454545454547
101 Dalmatians (1996)	2.908256880733945
Tombstone (1993)	3.6666666666666665
Ice Storm, The (1997)	3.611111111111111
Conan the Barbarian (1981)	3.046728971962617
William Shakespeare's Romeo and Juliet (1996)	3.5943396226415096
Cable Guy, The (1996)	2.339622641509434
On Golden Pond (1981)	3.556603773584906
Scream 2 (1997)	3.2169811320754715
Mr. Smith Goes to Washington (1939)	4.123809523809523
Craft, The (1996)	3.1153846153846154
True Romance (1993)	3.6153846153846154
Outbreak (1995)	3.2403846153846154
Strictly Ballroom (1992)	4.028846153846154
Philadelphia Story, The (1940)	4.115384615384615
Ace Ventura: Pet Detective (1994)	3.0485436893203883
In the Name of the Father (1993)	3.911764705882353
Waterworld (1995)	2.803921568627451
Little Women (1994)	3.676470588235294
Benny & Joon (1993)	3.4607843137254903
Young Guns (1988)	3.207920792079208
Basic Instinct (1992)	3.227722772277228
Sex, Lies, and Videotape (1989)	3.4752475247524752
Down Periscope (1996)	2.702970297029703
Miracle on 34th Street (1994)	3.722772277227723
Pinocchio (1940)	3.6732673267326734
Mimic (1997)	2.742574257425743
Private Parts (1997)	3.53
Alien 3 (1992)	2.83
I Know What You Did Last Summer (1997)	3.06
Muriel's Wedding (1994)	3.55
American Werewolf in London, An (1981)	3.5353535353535355
Romy and Michele's High School Reunion (1997)	3.061224489795918
Dirty Dancing (1987)	3.1020408163265305
Streetcar Named Desire, A (1951)	3.816326530612245
Day the Earth Stood Still, The (1951)	3.9381443298969074
Desperado (1995)	3.4536082474226806
Spitfire Grill, The (1996)	3.804123711340206
Client, The (1994)	3.381443298969072
City of Lost Children, The (1995)	3.7916666666666665
Fierce Creatures (1997)	3.1145833333333335
Mrs. Brown (Her Majesty, Mrs. Brown) (1997)	3.9479166666666665
Jumanji (1995)	3.3125
So I Married an Axe Murderer (1993)	3.0526315789473686
Breakfast at Tiffany's (1961)	3.7263157894736842
Matilda (1996)	3.210526315789474
My Life as a Dog (Mitt liv som hund) (1985)	3.978494623655914
Space Jam (1996)	2.774193548387097
Duck Soup (1933)	4.0
Cliffhanger (1993)	3.021505376344086
2 Days in the Valley (1996)	3.225806451612903
Very Brady Sequel, A (1996)	2.3978494623655915
Rob Roy (1995)	3.5652173913043477
Money Talks (1997)	2.8152173913043477
Return of the Pink Panther, The (1974)	3.5543478260869565
Unbearable Lightness of Being, The (1988)	3.4565217391304346
Demolition Man (1993)	3.152173913043478
Michael Collins (1996)	3.4565217391304346
From Dusk Till Dawn (1996)	3.119565217391304
Casino (1995)	3.6483516483516483
Escape from New York (1981)	3.241758241758242
Escape from L.A. (1996)	2.4615384615384617
Bean (1997)	2.659340659340659
Madness of King George, The (1994)	3.769230769230769
Manhattan (1979)	3.769230769230769
Rosencrantz and Guildenstern Are Dead (1990)	3.888888888888889
Nixon (1995)	3.1222222222222222
Hamlet (1996)	4.011111111111111
Rebel Without a Cause (1955)	3.8555555555555556
Four Rooms (1995)	3.033333333333333
Evil Dead II (1987)	3.5168539325842696
Grifters, The (1990)	3.4831460674157304
Richard III (1995)	3.831460674157303
Three Musketeers, The (1993)	3.303370786516854
Miller's Crossing (1990)	3.651685393258427
High Noon (1952)	4.1022727272727275
Jackal, The (1997)	3.1494252873563218
Strange Days (1995)	3.264367816091954
Addams Family Values (1993)	2.8160919540229883
To Die For (1995)	3.2758620689655173
First Knight (1995)	3.0232558139534884
Beautician and the Beast, The (1997)	2.313953488372093
Bullets Over Broadway (1994)	3.7209302325581395
Cape Fear (1962)	3.5232558139534884
My Fellow Americans (1996)	3.1627906976744184
Copycat (1995)	3.302325581395349
Up Close and Personal (1996)	3.1882352941176473
Jungle Book, The (1994)	3.5647058823529414
Bob Roberts (1992)	3.7411764705882353
Omen, The (1976)	3.388235294117647
White Squall (1996)	3.4
French Kiss (1995)	3.3333333333333335
Muppet Treasure Island (1996)	2.761904761904762
Arrival, The (1996)	3.036144578313253
Three Colors: Red (1994)	4.0602409638554215
Juror, The (1996)	2.817073170731707
Mulholland Falls (1996)	2.8780487804878048
Cook the Thief His Wife & Her Lover, The (1989)	3.024390243902439
Somewhere in Time (1980)	3.426829268292683
Sleeper (1973)	3.6341463414634148
Sword in the Stone, The (1963)	3.3292682926829267
Santa Clause, The (1994)	3.097560975609756
Legends of the Fall (1994)	3.45679012345679
Alice in Wonderland (1951)	3.6666666666666665
Nell (1994)	3.4814814814814814
Crumb (1994)	3.7901234567901234
Picture Perfect (1997)	2.962962962962963
It Happened One Night (1934)	4.012345679012346
I.Q. (1994)	3.3209876543209877
Treasure of the Sierra Madre, The (1948)	4.1
Eat Drink Man Woman (1994)	4.05
Chain Reaction (1996)	2.7
Midnight in the Garden of Good and Evil (1997)	3.1625
Phantom, The (1996)	2.575
Man Who Would Be King, The (1975)	4.025
Better Off Dead... (1985)	3.569620253164557
Secret Garden, The (1993)	3.5443037974683542
Pump Up the Volume (1990)	3.4177215189873418
Dolores Claiborne (1994)	3.3417721518987342
City Hall (1996)	3.1392405063291138
Marvin's Room (1996)	3.58974358974359
Shadowlands (1993)	3.9358974358974357
Reality Bites (1994)	2.961038961038961
Victor/Victoria (1982)	3.3376623376623376
Crucible, The (1996)	3.3376623376623376
Breakdown (1997)	3.4025974025974026
Brady Bunch Movie, The (1995)	2.8026315789473686
Don Juan DeMarco (1995)	3.5526315789473686
Circle of Friends (1995)	3.486842105263158
Wings of the Dove, The (1997)	3.68
Winnie the Pooh and the Blustery Day (1968)	3.8
Vegas Vacation (1997)	2.4
Robin Hood: Prince of Thieves (1991)	3.2266666666666666
Smoke (1995)	3.6216216216216215
Breaking the Waves (1996)	3.72972972972973
Six Degrees of Separation (1993)	3.77027027027027
Sgt. Bilko (1996)	2.5675675675675675
Parent Trap, The (1961)	3.095890410958904
Big Sleep, The (1946)	4.027397260273973
Brothers McMullen, The (1995)	3.452054794520548
She's the One (1996)	3.0136986301369864
Heavy Metal (1981)	3.26027397260274
Hoodlum (1997)	2.9315068493150687
Seventh Seal, The (Sjunde inseglet, Det) (1957)	3.5416666666666665
Othello (1995)	3.611111111111111
Third Man, The (1949)	4.333333333333333
Angels and Insects (1995)	3.4166666666666665
20,000 Leagues Under the Sea (1954)	3.5
Desperate Measures (1998)	3.3194444444444446
Wedding Singer, The (1998)	3.486111111111111
Secret of Roan Inish, The (1994)	3.859154929577465
Things to Do in Denver when You're Dead (1995)	3.1549295774647885
How to Make an American Quilt (1995)	3.3380281690140845
Diabolique (1996)	2.887323943661972
Restoration (1995)	3.464788732394366
Jack (1996)	3.142857142857143
Enchanted April (1991)	3.9285714285714284
Ran (1985)	4.1
Heavenly Creatures (1994)	3.6714285714285713
Kull the Conqueror (1997)	2.63768115942029
Antonia's Line (1995)	3.9565217391304346
McHale's Navy (1997)	2.1884057971014492
Christmas Carol, A (1938)	4.057971014492754
Body Snatchers (1993)	2.971014492753623
Glengarry Glen Ross (1992)	3.463768115942029
Naked Gun 33 1/3: The Final Insult (1994)	2.782608695652174
Dumb & Dumber (1994)	3.0
Roman Holiday (1953)	4.102941176470588
Man Without a Face, The (1993)	3.5441176470588234
Preacher's Wife, The (1996)	2.926470588235294
Hot Shots! Part Deux (1993)	2.764705882352941
Cool Runnings (1993)	3.161764705882353
Dial M for Murder (1954)	4.0
Bringing Up Baby (1938)	3.838235294117647
Forbidden Planet (1956)	3.8358208955223883
Wolf (1994)	2.701492537313433
Striptease (1996)	2.2388059701492535
Private Benjamin (1980)	2.955223880597015
Adventures of Robin Hood, The (1938)	3.791044776119403
Bridges of Madison County, The (1995)	3.1641791044776117
Short Cuts (1993)	3.7761194029850746
Wallace & Gromit: The Best of Aardman Animation (1996)	4.447761194029851
Quiet Man, The (1952)	4.029850746268656
Anastasia (1997)	3.4242424242424243
Shallow Grave (1994)	3.8181818181818183
All About Eve (1950)	4.045454545454546
Cyrano de Bergerac (1990)	3.8181818181818183
Grand Day Out, A (1992)	4.106060606060606
Mirror Has Two Faces, The (1996)	3.3636363636363638
In the Company of Men (1997)	3.712121212121212
Tommy Boy (1995)	2.909090909090909
Hercules (1997)	3.515151515151515
Rebecca (1940)	3.9696969696969697
Diva (1981)	3.727272727272727
Jaws 2 (1978)	2.6666666666666665
Delicatessen (1991)	3.876923076923077
Deconstructing Harry (1997)	3.4
Candyman (1992)	2.723076923076923
Supercop (1992)	3.5384615384615383
Lawnmower Man, The (1992)	2.4461538461538463
Kids in the Hall: Brain Candy (1996)	3.076923076923077
Sunset Blvd. (1950)	4.2
Age of Innocence, The (1993)	3.3846153846153846
Dazed and Confused (1993)	3.46875
Night of the Living Dead (1968)	3.421875
Three Colors: Blue (1993)	4.015625
Eve's Bayou (1997)	3.609375
U Turn (1997)	3.359375
Old Yeller (1957)	3.484375
Rudy (1993)	3.3125
Jean de Florette (1986)	4.109375
Extreme Measures (1996)	3.171875
Fan, The (1996)	3.09375
Sabrina (1954)	3.796875
Stealing Beauty (1996)	3.375
Local Hero (1983)	3.9682539682539684
Jane Eyre (1996)	3.4761904761904763
Walk in the Clouds, A (1995)	3.2857142857142856
Star Trek V: The Final Frontier (1989)	2.3968253968253967
Immortal Beloved (1994)	3.4603174603174605
Apartment, The (1960)	3.9365079365079363
Forget Paris (1995)	3.193548387096774
Batman & Robin (1997)	2.4516129032258065
My Favorite Year (1982)	3.532258064516129
Cat on a Hot Tin Roof (1958)	3.9516129032258065
Homeward Bound: The Incredible Journey (1993)	3.2131147540983607
Fox and the Hound, The (1981)	3.1475409836065573
Thin Man, The (1934)	4.15
Weekend at Bernie's (1989)	2.6166666666666667
Bed of Roses (1996)	3.2333333333333334
Murder in the First (1995)	3.6
Father of the Bride (1950)	3.5833333333333335
Three Colors: White (1994)	3.864406779661017
Kalifornia (1993)	3.2203389830508473
Last Action Hero (1993)	2.7457627118644066
Sirens (1994)	2.983050847457627
Soul Food (1997)	3.169491525423729
Around the World in 80 Days (1956)	3.6610169491525424
East of Eden (1955)	3.864406779661017
39 Steps, The (1935)	4.0508474576271185
Mary Shelley's Frankenstein (1994)	3.0677966101694913
Some Kind of Wonderful (1987)	3.6610169491525424
Last Supper, The (1995)	3.4482758620689653
Postman, The (1997)	3.2241379310344827
Sophie's Choice (1982)	3.896551724137931
Home for the Holidays (1995)	3.1551724137931036
Raise the Red Lantern (1991)	4.155172413793103
Nine Months (1995)	2.9310344827586206
Ref, The (1994)	3.0344827586206895
Manon of the Spring (Manon des sources) (1986)	4.120689655172414
Red Corner (1997)	3.3859649122807016
Wings of Desire (1987)	4.0
Bad Boys (1995)	3.1052631578947367
Bananas (1971)	3.7017543859649122
Devil in a Blue Dress (1995)	3.3859649122807016
Daylight (1996)	2.7719298245614037
Bedknobs and Broomsticks (1971)	3.0701754385964914
Island of Dr. Moreau, The (1996)	2.1578947368421053
To Wong Foo, Thanks for Everything! Julie Newmar (1995)	2.8947368421052633
Robin Hood: Men in Tights (1993)	2.5892857142857144
His Girl Friday (1940)	4.0
Celluloid Closet, The (1995)	3.892857142857143
Black Sheep (1996)	2.6363636363636362
Looking for Richard (1996)	3.727272727272727
Tales from the Crypt Presents: Bordello of Blood (1996)	2.6363636363636362
Apostle, The (1997)	3.6545454545454548
Mallrats (1995)	3.4444444444444446
Addicted to Love (1997)	3.1666666666666665
Serial Mom (1994)	2.814814814814815
Nosferatu (Nosferatu, eine Symphonie des Grauens) (1922)	3.5555555555555554
Carlito's Way (1993)	3.4074074074074074
Aristocats, The (1970)	3.1296296296296298
Days of Thunder (1990)	2.7169811320754715
Flubber (1997)	2.7547169811320753
Koyaanisqatsi (1983)	3.490566037735849
Barcelona (1994)	3.018867924528302
Life Less Ordinary, A (1997)	3.0754716981132075
She's So Lovely (1997)	2.7358490566037736
Amityville Horror, The (1979)	2.5660377358490565
Last Man Standing (1996)	2.660377358490566
Casper (1995)	3.076923076923077
Excess Baggage (1997)	2.5384615384615383
Notorious (1946)	4.115384615384615
Man Who Knew Too Little, The (1997)	2.923076923076923
Red Rock West (1992)	3.5961538461538463
MatchMaker, The (1997)	3.176470588235294
Pocahontas (1995)	2.5294117647058822
Giant (1956)	3.7450980392156863
Tin Men (1987)	3.0784313725490198
Trees Lounge (1996)	3.24
American in Paris, An (1951)	3.7
Love Bug, The (1969)	2.78
Akira (1988)	3.38
Perfect World, A (1993)	3.68
Once Upon a Time in America (1984)	3.4
Wyatt Earp (1994)	3.1
To Catch a Thief (1955)	4.02
Menace II Society (1993)	3.46
Great White Hype, The (1996)	2.7551020408163267
Thinner (1996)	2.4489795918367347
Mortal Kombat (1995)	2.877551020408163
Kids (1995)	3.061224489795918
Before Sunrise (1995)	3.4081632653061225
Bulletproof (1996)	3.204081632653061
Substitute, The (1996)	2.693877551020408
Rocket Man (1997)	2.4081632653061225
Smilla's Sense of Snow (1997)	3.1666666666666665
Bronx Tale, A (1993)	3.7916666666666665
Booty Call (1997)	2.1666666666666665
Powder (1995)	3.2083333333333335
Beverly Hills Ninja (1997)	2.3125
Quick and the Dead, The (1995)	3.2083333333333335
Cat People (1982)	2.8958333333333335
Glimmer Man, The (1996)	2.75
Under Siege 2: Dark Territory (1995)	2.4583333333333335
Mad City (1997)	3.25531914893617
Up in Smoke (1978)	3.25531914893617
Waiting for Guffman (1996)	4.127659574468085
Sudden Death (1995)	2.723404255319149
Swimming with Sharks (1995)	3.574468085106383
Dangerous Minds (1995)	3.3404255319148937
Great Dictator, The (1940)	4.021739130434782
It Could Happen to You (1994)	3.652173913043478
Paris, Texas (1984)	3.5434782608695654
Malice (1993)	3.1739130434782608
With Honors (1994)	3.0652173913043477
Farewell My Concubine (1993)	3.9782608695652173
Blob, The (1958)	2.717391304347826
Shall We Dance? (1996)	4.260869565217392
Screamers (1995)	2.652173913043478
Nobody's Fool (1994)	3.608695652173913
Bride of Frankenstein (1935)	3.608695652173913
Doors, The (1991)	2.9782608695652173
Junior (1994)	3.022222222222222
What's Love Got to Do with It (1993)	3.488888888888889
Species (1995)	2.8666666666666667
Shadow, The (1994)	2.888888888888889
Blue in the Face (1995)	3.1777777777777776
Joe's Apartment (1996)	2.2444444444444445
Family Thing, A (1996)	3.5555555555555554
Citizen Ruth (1996)	3.6222222222222222
City Slickers II: The Legend of Curly's Gold (1994)	2.5454545454545454
When We Were Kings (1996)	4.045454545454546
To Gillian on Her 37th Birthday (1996)	3.0681818181818183
Bottle Rocket (1996)	3.4545454545454546
Sweet Hereafter, The (1997)	3.772727272727273
Mouse Hunt (1997)	2.477272727272727
M (1931)	4.0
Shadow Conspiracy (1997)	2.8636363636363638
Ridicule (1996)	3.7045454545454546
Persuasion (1995)	4.045454545454546
Basquiat (1996)	3.25
Fire Down Below (1997)	2.9318181818181817
Leave It to Beaver (1997)	1.8409090909090908
Return of Martin Guerre, The (Retour de Martin Guerre, Le) (1982)	3.772727272727273
Nick of Time (1995)	3.0454545454545454
Fear (1996)	3.159090909090909
Young Guns II (1990)	2.772727272727273
Renaissance Man (1994)	3.0
Tales From the Crypt Presents: Demon Knight (1995)	2.9767441860465116
Mortal Kombat: Annihilation (1997)	1.9534883720930232
Chamber, The (1996)	3.0930232558139537
Air Bud (1997)	2.558139534883721
Wild Bunch, The (1969)	4.023255813953488
Ghost and Mrs. Muir, The (1947)	3.6511627906976742
Rising Sun (1993)	2.9069767441860463
Money Train (1995)	2.511627906976744
Spy Hard (1996)	2.511627906976744
Pete's Dragon (1977)	2.7209302325581395
Playing God (1997)	2.627906976744186
Freeway (1996)	3.357142857142857
Big Lebowski, The (1998)	3.8333333333333335
Kundun (1997)	3.6904761904761907
Flirting With Disaster (1996)	3.6904761904761907
Moll Flanders (1996)	3.5
Congo (1995)	2.4523809523809526
Love Jones (1997)	3.0952380952380953
Johnny Mnemonic (1995)	2.6341463414634148
Sphere (1998)	2.926829268292683
That Darn Cat! (1997)	2.4634146341463414
Some Folks Call It a Sling Blade (1993)	4.2926829268292686
Fallen (1998)	3.1463414634146343
Young Poisoner's Handbook, The (1995)	3.341463414634146
Little Princess, A (1995)	3.658536585365854
Associate, The (1996)	3.2439024390243905
Coneheads (1993)	2.2195121951219514
Tank Girl (1995)	2.8536585365853657
187 (1997)	3.024390243902439
Gigi (1958)	3.658536585365854
Tin Drum, The (Blechtrommel, Die) (1979)	3.7
Charade (1963)	3.925
Priest (1994)	4.0
Eddie (1996)	2.7
Basketball Diaries, The (1995)	3.425
Disclosure (1994)	3.0
Paper, The (1994)	3.225
First Kid (1996)	2.925
Killing Zoe (1994)	3.475
Harriet the Spy (1996)	2.7
Hard Target (1993)	2.7
Laura (1944)	4.1
Replacement Killers, The (1998)	3.3076923076923075
Mary Reilly (1996)	2.8205128205128207
Angels in the Outfield (1994)	2.923076923076923
Corrina, Corrina (1994)	3.1538461538461537
French Twist (Gazon maudit) (1995)	3.2051282051282053
Indian in the Cupboard, The (1995)	2.8205128205128207
Assassins (1995)	2.871794871794872
Candidate, The (1972)	3.641025641025641
Career Girls (1997)	3.2564102564102564
When a Man Loves a Woman (1994)	3.4871794871794872
Only You (1994)	3.1538461538461537
Adventures of Pinocchio, The (1996)	3.051282051282051
Judge Dredd (1995)	2.8974358974358974
Son in Law (1993)	2.4871794871794872
Crow: City of Angels, The (1996)	1.9487179487179487
Swiss Family Robinson (1960)	3.358974358974359
Anaconda (1997)	2.289473684210526
Virtuosity (1995)	2.736842105263158
Get on the Bus (1996)	3.3157894736842106
8 1/2 (1963)	3.8157894736842106
Speed 2: Cruise Control (1997)	2.1315789473684212
Howling, The (1981)	3.026315789473684
Once Upon a Time in the West (1969)	3.8684210526315788
Ace Ventura: When Nature Calls (1995)	2.675675675675676
Sliver (1993)	2.4054054054054053
Milk Money (1994)	2.72972972972973
Romeo Is Bleeding (1993)	3.0
Thousand Acres, A (1997)	3.4054054054054053
I Shot Andy Warhol (1996)	3.3783783783783785
Belle de jour (1967)	3.945945945945946
Billy Madison (1995)	3.081081081081081
Metro (1997)	2.9166666666666665
Speechless (1994)	3.0833333333333335
Night on Earth (1991)	3.8333333333333335
Down by Law (1986)	3.7714285714285714
Thin Blue Line, The (1988)	3.7714285714285714
Gaslight (1944)	3.8857142857142857
Trigger Effect, The (1996)	3.2
Don't Be a Menace to South Central While Drinking Your Juice in the Hood (1996)	2.7714285714285714
Wes Craven's New Nightmare (1994)	2.8
Mediterraneo (1991)	3.676470588235294
Orlando (1993)	3.6176470588235294
Jeffrey (1995)	3.5294117647058822
Washington Square (1997)	3.2941176470588234
Fled (1996)	2.6470588235294117
Terminal Velocity (1994)	2.676470588235294
Lost Horizon (1937)	3.9411764705882355
Boys on the Side (1995)	3.1470588235294117
Touch of Evil (1958)	3.911764705882353
Dead Man (1995)	3.823529411764706
Unforgettable (1996)	3.323529411764706
Anna Karenina (1997)	3.090909090909091
Clockers (1995)	3.0
Paths of Glory (1957)	4.212121212121212
Free Willy (1993)	2.4545454545454546
Hackers (1995)	2.606060606060606
Night Falls on Manhattan (1997)	3.375
Eye for an Eye (1996)	3.03125
Cats Don't Dance (1997)	2.84375
Englishman Who Went Up a Hill, But Came Down a Mountain, The (1995)	3.375
Fast, Cheap & Out of Control (1997)	3.4375
Tie Me Up! Tie Me Down! (1990)	3.1875
Brassed Off (1996)	3.9375
Homeward Bound II: Lost in San Francisco (1996)	2.78125
Old Man and the Sea, The (1958)	3.34375
Transformers: The Movie, The (1986)	2.84375
Feeling Minnesota (1996)	2.625
Airheads (1994)	2.34375
Prophecy, The (1995)	2.9375
Boomerang (1992)	2.8125
Great Race, The (1965)	3.2903225806451615
Flintstones, The (1994)	2.064516129032258
Kiss Me, Guido (1997)	3.161290322580645
Fathers' Day (1997)	2.5806451612903225
Threesome (1994)	2.838709677419355
Program, The (1993)	2.838709677419355
Drop Zone (1994)	2.5483870967741935
Operation Dumbo Drop (1995)	2.5161290322580645
Die xue shuang xiong (Killer, The) (1989)	3.967741935483871
Bio-Dome (1996)	1.903225806451613
Hard Rain (1998)	2.903225806451613
Meet Me in St. Louis (1944)	3.3548387096774195
Timecop (1994)	3.096774193548387
Once Were Warriors (1994)	4.064516129032258
Higher Learning (1995)	3.3333333333333335
Escape to Witch Mountain (1975)	2.966666666666667
Georgia (1995)	2.9
Shaggy Dog, The (1959)	3.0
Spellbound (1945)	3.933333333333333
Barb Wire (1996)	1.9333333333333333
FairyTale: A True Story (1997)	2.966666666666667
My Own Private Idaho (1991)	3.6333333333333333
If Lucy Fell (1996)	2.7586206896551726
Deceiver (1997)	2.8275862068965516
Beautiful Thing (1996)	3.9655172413793105
Ghosts of Mississippi (1996)	3.4827586206896552
Stephen King's The Langoliers (1995)	2.413793103448276
Blown Away (1994)	2.7586206896551726
Twelfth Night (1996)	3.413793103448276
Evening Star, The (1996)	2.9310344827586206
High School High (1996)	2.6206896551724137
Canadian Bacon (1994)	2.413793103448276
In Love and War (1996)	3.4285714285714284
Blues Brothers 2000 (1998)	2.8214285714285716
Chungking Express (1994)	3.5714285714285716
Passion Fish (1992)	3.1785714285714284
Beverly Hills Cop III (1994)	2.392857142857143
Death and the Maiden (1994)	3.4285714285714284
Once Upon a Time... When We Were Colored (1995)	3.2857142857142856
Just Cause (1995)	3.142857142857143
Another Stakeout (1993)	2.5
Crossing Guard, The (1995)	3.0
Barbarella (1968)	2.5714285714285716
Living in Oblivion (1995)	3.740740740740741
Manhattan Murder Mystery (1993)	3.6296296296296298
Pollyanna (1960)	3.1481481481481484
Heaven's Prisoners (1996)	2.5185185185185186
Spanking the Monkey (1994)	3.074074074074074
Black Beauty (1994)	3.4444444444444446
Free Willy 3: The Rescue (1997)	1.7407407407407407
Wishmaster (1997)	2.4444444444444446
Tales from the Hood (1995)	2.037037037037037
Paris Is Burning (1990)	3.814814814814815
My Man Godfrey (1936)	4.037037037037037
Vanya on 42nd Street (1994)	3.5925925925925926
Made in America (1993)	2.5185185185185186
Great Expectations (1998)	3.2222222222222223
Exotica (1994)	3.5555555555555554
Quest, The (1996)	2.5185185185185186
Love! Valour! Compassion! (1997)	3.6153846153846154
Super Mario Bros. (1993)	2.076923076923077
Ninotchka (1939)	3.769230769230769
Before and After (1996)	2.8461538461538463
Shanghai Triad (Yao a yao yao dao waipo qiao) (1995)	3.576923076923077
Pillow Book, The (1995)	3.6923076923076925
Friday (1995)	3.4615384615384617
Affair to Remember, An (1957)	4.1923076923076925
In the Mouth of Madness (1995)	2.8846153846153846
Walkabout (1971)	3.8461538461538463
Spice World (1997)	2.1153846153846154
Something to Talk About (1995)	2.769230769230769
Aladdin and the King of Thieves (1996)	2.8461538461538463
Ghost in the Shell (Kokaku kidotai) (1995)	3.6538461538461537
Portrait of a Lady, The (1996)	2.68
Halloween: The Curse of Michael Myers (1995)	2.2
Apple Dumpling Gang, The (1975)	2.84
House Arrest (1996)	2.52
Meet John Doe (1941)	3.92
Naked (1993)	3.24
Judgment Night (1993)	2.68
Girl 6 (1996)	2.76
Two if by Sea (1996)	2.6
Relic, The (1997)	2.88
Keys to Tulsa (1997)	2.24
Fearless (1993)	3.24
Smile Like Yours, A (1997)	2.88
Dracula: Dead and Loving It (1995)	2.28
Lord of Illusions (1995)	2.4166666666666665
Burnt By the Sun (1994)	3.7083333333333335
House of the Spirits, The (1993)	3.0416666666666665
Houseguest (1994)	2.8333333333333335
Garden of Finzi-Contini, The (Giardino dei Finzi-Contini, Il) (1970)	3.9166666666666665
Grease 2 (1982)	2.0
Queen Margot (Reine Margot, La) (1994)	3.5
Cry, the Beloved Country (1995)	3.75
Fools Rush In (1997)	3.0
Now and Then (1995)	3.4583333333333335
Drop Dead Fred (1991)	2.75
Microcosmos: Le peuple de l'herbe (1996)	3.75
Turbulence (1997)	2.5652173913043477
Trial and Error (1997)	2.5217391304347827
Mr. Wrong (1996)	2.3043478260869565
Kansas City (1996)	2.260869565217391
Until the End of the World (Bis ans Ende der Welt) (1991)	2.8260869565217392
Jude (1996)	3.0
Cemetery Man (Dellamorte Dellamore) (1994)	2.869565217391304
Inventing the Abbotts (1997)	3.130434782608696
Ruby in Paradise (1993)	3.130434782608696
Live Nude Girls (1995)	3.0869565217391304
Fog, The (1980)	2.739130434782609
Showgirls (1995)	1.9565217391304348
Village of the Damned (1995)	2.6818181818181817
Welcome To Sarajevo (1997)	3.3636363636363638
Marked for Death (1990)	2.5
Mother Night (1996)	3.1818181818181817
Double vie de Véronique, La (Double Life of Veronique, The) (1991)	3.6818181818181817
Pallbearer, The (1996)	2.3181818181818183
Unstrung Heroes (1995)	3.3181818181818183
Mrs. Parker and the Vicious Circle (1994)	3.272727272727273
Three Caballeros, The (1945)	3.272727272727273
Kama Sutra: A Tale of Love (1996)	3.3181818181818183
Bogus (1996)	2.5454545454545454
Body Snatcher, The (1945)	3.5
Little Buddha (1993)	3.3181818181818183
Kid in King Arthur's Court, A (1995)	2.727272727272727
Blood & Wine (1997)	2.8636363636363638
Mrs. Winterbourne (1996)	3.0454545454545454
Oliver & Company (1988)	2.772727272727273
Funeral, The (1996)	2.4285714285714284
My Family (1995)	3.6666666666666665
Lawnmower Man 2: Beyond Cyberspace (1996)	1.7142857142857142
Funny Face (1957)	3.6666666666666665
Top Hat (1935)	4.0476190476190474
Candyman: Farewell to the Flesh (1995)	2.4285714285714284
Misérables, Les (1995)	3.619047619047619
How to Be a Player (1997)	2.761904761904762
Umbrellas of Cherbourg, The (Parapluies de Cherbourg, Les) (1964)	3.761904761904762
It's My Party (1995)	3.2857142857142856
Anne Frank Remembered (1995)	3.857142857142857
Oscar & Lucinda (1997)	3.1904761904761907
Richie Rich (1994)	2.4285714285714284
Beverly Hillbillies, The (1993)	2.25
Indian Summer (1996)	3.25
Half Baked (1998)	2.5
For Whom the Bell Tolls (1943)	4.0
Flipper (1996)	2.45
Ma vie en rose (My Life in Pink) (1997)	3.45
Prophecy II, The (1998)	2.7
Specialist, The (1994)	2.25
Kiss of Death (1995)	2.85
Maximum Risk (1996)	2.8
Goofy Movie, A (1995)	2.9
Paradise Lost: The Child Murders at Robin Hood Hills (1996)	4.05
Amos & Andrew (1993)	2.6842105263157894
Out to Sea (1997)	2.6842105263157894
D3: The Mighty Ducks (1996)	2.5789473684210527
Fatal Instinct (1993)	2.6315789473684212
Star Maps (1997)	3.0526315789473686
Steel (1997)	2.1578947368421053
That Darn Cat! (1965)	2.473684210526316
Set It Off (1996)	3.4210526315789473
Gridlock'd (1997)	3.210526315789474
Surviving Picasso (1996)	3.1052631578947367
Trust (1990)	3.789473684210526
Blink (1994)	3.0
Home Alone 3 (1997)	1.894736842105263
Children of the Corn: The Gathering (1996)	1.3157894736842106
Widows' Peak (1994)	3.5789473684210527
Major Payne (1994)	2.473684210526316
Cowboy Way, The (1994)	2.210526315789474
Backbeat (1993)	3.473684210526316
Amateur (1994)	3.1666666666666665
Assignment, The (1997)	3.5
Afterglow (1997)	3.111111111111111
Beyond Rangoon (1995)	3.0555555555555554
Andre (1994)	3.111111111111111
Robert A. Heinlein's The Puppet Masters (1994)	3.0
Dead Presidents (1995)	2.7222222222222223
Blue Angel, The (Blaue Engel, Der) (1930)	3.7777777777777777
Cutthroat Island (1995)	2.4444444444444446
Picnic (1955)	3.611111111111111
Hellraiser: Bloodline (1996)	2.0
Lost in Space (1998)	3.1666666666666665
Little Rascals, The (1994)	2.7222222222222223
Jingle All the Way (1996)	2.111111111111111
Hate (Haine, La) (1995)	3.5
To Be or Not to Be (1942)	3.611111111111111
House of Yes, The (1997)	3.0
Ready to Wear (Pret-A-Porter) (1994)	1.8333333333333333
Inspector General, The (1949)	3.7222222222222223
Firestorm (1998)	2.8333333333333335
M. Butterfly (1993)	3.2222222222222223
Getaway, The (1994)	2.3333333333333335
Thirty-Two Short Films About Glenn Gould (1993)	3.9444444444444446
In the Army Now (1994)	2.2777777777777777
Jade (1995)	2.2941176470588234
Madonna: Truth or Dare (1991)	2.4705882352941178
Road to Wellville, The (1994)	2.2941176470588234
I'm Not Rappaport (1996)	3.0
Stupids, The (1996)	2.0
Mute Witness (1994)	2.9411764705882355
Big Blue, The (Grand bleu, Le) (1988)	3.235294117647059
Shall We Dance? (1937)	3.7058823529411766
Farinelli: il castrato (1994)	3.1176470588235294
Switchback (1997)	2.823529411764706
Party Girl (1995)	2.875
Little Big League (1994)	2.875
Selena (1997)	3.625
Highlander III: The Sorcerer (1994)	2.125
In the Bleak Midwinter (1995)	3.6875
Believers, The (1987)	2.25
When the Cats Away (Chacun cherche son chat) (1996)	3.5625
Bastard Out of Carolina (1996)	2.875
Cabin Boy (1994)	2.5625
Balto (1995)	3.0
Stuart Saves His Family (1995)	2.125
Exit to Eden (1994)	2.75
Bad Taste (1987)	3.375
Dark City (1998)	3.5
Waiting to Exhale (1995)	2.5
Jaws 3-D (1983)	1.9375
Gang Related (1997)	2.6875
